facility_id,facility_name,reporting_entity,state,facility_type,installed_capacity_mw,latitude,longitude,timestamp,power_mw,emissions_t_co2e,received_at
1,Cathedral Rocks Wind Farm,Acciona Energy Oceania Pty. Ltd.,SA,wind_farm,3.091,-30.5343665,135.6301212,2026-05-07 23:55:00,13.1,0.0,2026-05-29 00:47:43.619987
2,Gunning Wind Farm,Acciona Energy Oceania Pty. Ltd.,NSW,wind_farm,21.637,-31.8759835,147.2869493,2026-05-07 23:55:00,34.9169,0.0,2026-05-29 00:47:43.619987
3,Mt Gellibrand Wind Farm,Acciona Energy Oceania Pty. Ltd.,VIC,wind_farm,579.1320000000001,-36.5986096,144.6780052,2026-05-07 23:55:00,100.0046,0.0,2026-05-29 00:47:43.619987
4,Waubra Wind Farm,Acciona Energy Oceania Pty. Ltd.,VIC,wind_farm,579.1320000000001,-37.3528575,143.6313265,2026-05-07 23:55:00,161.4275,0.0,2026-05-29 00:47:43.619987
6,Bayswater Power Station,AGL Energy Limited,NSW,power_station,21.637,-32.3951272,150.949476,2026-05-07 23:55:00,-0.343,0.0,2026-05-29 00:47:43.619987
8,Broken Hill Solar Plant,AGL Energy Limited,NSW,other,21.637,-31.9882663,141.3932099,2026-05-07 23:55:00,0.0,0.0,2026-05-29 00:47:43.619987
13,Dartmouth Hydro,AGL Energy Limited,VIC,hydro,579.1320000000001,-36.5574081,147.5227096,2026-05-07 23:55:00,0.0,0.0,2026-05-29 00:47:43.619987
17,Hallett (Stage 1) Wind Farm,AGL Energy Limited,SA,wind_farm,3.091,-30.5343665,135.6301212,2026-05-07 23:55:00,17.21,0.0,2026-05-29 00:47:43.619987
18,Hallett (Stage 2) Wind Farm,AGL Energy Limited,SA,wind_farm,3.091,-30.5343665,135.6301212,2026-05-07 23:55:00,19.27,0.0,2026-05-29 00:47:43.619987
25,Liddell Power Station,AGL Energy Limited,NSW,power_station,21.637,-32.3718204,150.9779565,2026-05-07 23:55:00,0.0,0.0,2026-05-29 00:47:43.619987
27,Macarthur Wind Farm,AGL Energy Limited,VIC,wind_farm,579.1320000000001,-36.5986096,144.6780052,2026-05-07 23:55:00,220.4,0.0,2026-05-29 00:47:43.619987
30,Nyngan Solar Plant,AGL Energy Limited,NSW,other,21.637,-31.556484,147.0860758,2026-05-07 23:55:00,0.0,0.0,2026-05-29 00:47:43.619987
31,Oaklands Hill Wind Farm,AGL Energy Limited,VIC,wind_farm,579.1320000000001,-36.5986096,144.6780052,2026-05-07 23:55:00,44.0,0.0,2026-05-29 00:47:43.619987
35,Silverton Wind Farm,AGL Energy Limited,NSW,wind_farm,21.637,-31.8759835,147.2869493,2026-05-07 23:55:00,84.0412,0.0,2026-05-29 00:47:43.619987
36,Somerton Power Station,AGL Energy Limited,VIC,power_station,579.1320000000001,-37.6316012,144.9525619,2026-05-07 23:55:00,0.0,0.0,2026-05-29 00:47:43.619987
37,Torrens Island Power Station,AGL Energy Limited,SA,power_station,3.091,-34.8064918,138.5231308,2026-05-07 23:55:00,41.0,2.0153,2026-05-29 00:47:43.619987
38,Wattle Point Wind Farm,AGL Energy Limited,SA,wind_farm,3.091,-30.5343665,135.6301212,2026-05-07 23:55:00,40.84,0.0,2026-05-29 00:47:43.619987
40,West Kiewa Hydro,AGL Energy Limited,VIC,hydro,579.1320000000001,-36.5986096,144.6780052,2026-05-07 23:55:00,39.3,0.0,2026-05-29 00:47:43.619987
51,Braemar 2 Power Station,Arrow Energy Holdings Pty Ltd,QLD,power_station,478.4090000000001,-27.1128667,150.9054405,2026-05-07 23:55:00,0.1913,0.0092,2026-05-29 00:47:43.619987
53,Osborne facility,ATCO AUSTRALIA PTY LTD,SA,generic_facility,3.091,-34.7859285,138.5072887,2026-05-07 23:55:00,0.0,0.0,2026-05-29 00:47:43.619987
63,Callide B Power Station,C S Energy Limited,QLD,power_station,478.4090000000001,-22.1646782,144.5844903,2026-05-07 23:55:00,557.0,44.1527,2026-05-29 00:47:43.619987
64,Callide C Power Station,C S Energy Limited,QLD,power_station,478.4090000000001,-22.1646782,144.5844903,2026-05-07 23:55:00,417.45,30.3789,2026-05-29 00:47:43.619987
65,Kogan Creek Power Station,C S Energy Limited,QLD,power_station,478.4090000000001,-26.9176213,150.752275,2026-05-07 23:55:00,321.5428,22.7555,2026-05-29 00:47:43.619987
66,Wivenhoe Power Station,C S Energy Limited,QLD,power_station,478.4090000000001,-22.1646782,144.5844903,2026-05-07 23:55:00,0.0,0.0,2026-05-29 00:47:43.619987
83,Cullerin Range Wind Farm,CK William Australia Holdings Pty Ltd,NSW,wind_farm,21.637,-31.8759835,147.2869493,2026-05-07 23:55:00,135.7529,0.0,2026-05-29 00:47:43.619987
89,German Creek CMM Power Station,CK William Australia Holdings Pty Ltd,QLD,industrial_gas_or_landfill,478.4090000000001,-22.1646782,144.5844903,2026-05-07 23:55:00,16.97,0.8,2026-05-29 00:47:43.619987
104,Moranbah North CMM Power Station,CK William Australia Holdings Pty Ltd,QLD,industrial_gas_or_landfill,478.4090000000001,-22.1646782,144.5844903,2026-05-07 23:55:00,19.6,1.0417,2026-05-29 00:47:43.619987
121,Clare Solar Farm,CLARE SOLAR FARM HOLDINGS PTY LTD,QLD,solar,478.4090000000001,-22.1646782,144.5844903,2026-05-07 23:55:00,0.0,0.0,2026-05-29 00:47:43.619987
131,Vales Point Power Station,Delta Electricity Pty Ltd,NSW,power_station,21.637,-33.1605934,151.5440766,2026-05-07 23:55:00,462.5386,38.1612,2026-05-29 00:47:43.619987
134,The Daydream Solar Farm Trust,Edify Energy Pty Ltd,QLD,company_entity,478.4090000000001,-22.1646782,144.5844903,2026-05-07 23:55:00,0.0,0.0,2026-05-29 00:47:43.619987
136,Whitsunday Solar Farm Pty,Edify Energy Pty Ltd,QLD,company_entity,478.4090000000001,-22.1646782,144.5844903,2026-05-07 23:55:00,0.0,0.0,2026-05-29 00:47:43.619987
155,Barcaldine Power Station Facility,ENERGY QUEENSLAND LIMITED,QLD,generic_facility,478.4090000000001,-22.1646782,144.5844903,2026-05-07 23:55:00,0.0,0.0,2026-05-29 00:47:43.619987
188,Hallett Power Station,EnergyAustralia Holdings Limited,SA,power_station,3.091,-33.3486163,138.7519243,2026-05-07 23:55:00,0.0,0.0,2026-05-29 00:47:43.619987
189,Jeeralang Power Station,EnergyAustralia Holdings Limited,VIC,power_station,579.1320000000001,-38.2750151,146.425452,2026-05-07 23:55:00,0.0,0.0,2026-05-29 00:47:43.619987
190,Mt Piper Power Station,EnergyAustralia Holdings Limited,NSW,power_station,21.637,-33.3581858,150.0328446,2026-05-07 23:55:00,559.237,40.8298,2026-05-29 00:47:43.619987
191,Newport Power Station,EnergyAustralia Holdings Limited,VIC,power_station,579.1320000000001,-37.841433,144.8949937,2026-05-07 23:55:00,0.0,0.0,2026-05-29 00:47:43.619987
192,Tallawarra Power Station,EnergyAustralia Holdings Limited,NSW,power_station,21.637,-34.5225162,150.8073753,2026-05-07 23:55:00,0.0,0.0,2026-05-29 00:47:43.619987
193,Yallourn Power Station,EnergyAustralia Holdings Limited,VIC,power_station,579.1320000000001,-38.178028,146.3425413,2026-05-07 23:55:00,1179.1563,128.1907,2026-05-29 00:47:43.619987
195,Oakey Power Station,ERM Power Limited,QLD,power_station,478.4090000000001,-27.418254,151.6801745,2026-05-07 23:55:00,0.0,0.0,2026-05-29 00:47:43.619987
200,Crookwell 2 Wind farm,GLOBAL POWER GENERATION AUSTRALIA PTY LTD,NSW,wind_farm,21.637,-31.8759835,147.2869493,2026-05-07 23:55:00,51.6052,0.0,2026-05-29 00:47:43.619987
204,Butlers Gorge Hydro Power Station,HYDRO-ELECTRIC CORPORATION,TAS,hydro,0.479,-42.035067,146.6366887,2026-05-07 23:55:00,6.6,0.0,2026-05-29 00:47:43.619987
208,Devils Gate Hydro Power Station,HYDRO-ELECTRIC CORPORATION,TAS,hydro,0.479,-41.3506078,146.2653364,2026-05-07 23:55:00,55.3069,0.0,2026-05-29 00:47:43.619987
212,John Butters Hydro Power Station,HYDRO-ELECTRIC CORPORATION,TAS,hydro,0.479,-42.035067,146.6366887,2026-05-07 23:55:00,110.5693,0.0,2026-05-29 00:47:43.619987
214,Lake Echo Hydro Power Station,HYDRO-ELECTRIC CORPORATION,TAS,hydro,0.479,-42.2167834,146.6398625,2026-05-07 23:55:00,0.0,0.0,2026-05-29 00:47:43.619987
217,Lemonthyme Hydro Power Station,HYDRO-ELECTRIC CORPORATION,TAS,hydro,0.479,-42.035067,146.6366887,2026-05-07 23:55:00,32.0926,0.0,2026-05-29 00:47:43.619987
219,Mackintosh Hydro Power Station,HYDRO-ELECTRIC CORPORATION,TAS,hydro,0.479,-41.7085352,145.6450096,2026-05-07 23:55:00,0.0,0.0,2026-05-29 00:47:43.619987
220,Meadowbank Hydro Power Station,HYDRO-ELECTRIC CORPORATION,TAS,hydro,0.479,-42.6112889,146.8448542,2026-05-07 23:55:00,6.0875,0.0,2026-05-29 00:47:43.619987
225,Rowallan Hydro Power Station,HYDRO-ELECTRIC CORPORATION,TAS,hydro,0.479,-41.7301238,146.2146304,2026-05-07 23:55:00,7.0301,0.0,2026-05-29 00:47:43.619987
226,Tamar Valley Power Station,HYDRO-ELECTRIC CORPORATION,TAS,power_station,0.479,-41.1405872,146.9056213,2026-05-07 23:55:00,0.0,0.0,2026-05-29 00:47:43.619987
227,Tarraleah Hydro Power Station,HYDRO-ELECTRIC CORPORATION,TAS,hydro,0.479,-42.035067,146.6366887,2026-05-07 23:55:00,45.1,0.0,2026-05-29 00:47:43.619987
229,Trevallyn Hydro Power Station,HYDRO-ELECTRIC CORPORATION,TAS,hydro,0.479,-41.447768,147.087793,2026-05-07 23:55:00,0.0,0.0,2026-05-29 00:47:43.619987
231,Tungatinah Hydro Power Station,HYDRO-ELECTRIC CORPORATION,TAS,hydro,0.479,-42.2750329,146.4611887,2026-05-07 23:55:00,23.8,0.0,2026-05-29 00:47:43.619987
240,Bodangora Wind Farm,Infigen Energy Limited,NSW,wind_farm,21.637,-31.8759835,147.2869493,2026-05-07 23:55:00,27.0409,0.0,2026-05-29 00:47:43.619987
241,Capital Wind Farm,Infigen Energy Limited,NSW,wind_farm,21.637,-31.8759835,147.2869493,2026-05-07 23:55:00,127.4004,0.0,2026-05-29 00:47:43.619987
242,"Lake Bonney Stage 1,2 & 3 Wind Farm",Infigen Energy Limited,SA,wind_farm,3.091,-30.5343665,135.6301212,2026-05-07 23:55:00,33.7724,0.0,2026-05-29 00:47:43.619987
244,Woodlawn Wind Farm,Infigen Energy Limited,NSW,wind_farm,21.637,-31.8759835,147.2869493,2026-05-07 23:55:00,39.3624,0.0,2026-05-29 00:47:43.619987
245,Canunda Wind Farm,International Power (Australia) Holdings Pty Limited,SA,wind_farm,3.091,-30.5343665,135.6301212,2026-05-07 23:55:00,41.5485,0.0,2026-05-29 00:47:43.619987
246,Dry Creek Power Station,International Power (Australia) Holdings Pty Limited,SA,power_station,3.091,-34.8479734,138.581675,2026-05-07 23:55:00,0.0,0.0,2026-05-29 00:47:43.619987
247,Mintaro Power Station,International Power (Australia) Holdings Pty Limited,SA,power_station,3.091,-33.9032735,138.7382397,2026-05-07 23:55:00,0.0854,0.0061,2026-05-29 00:47:43.619987
248,Pelican Point Power Station,International Power (Australia) Holdings Pty Limited,SA,power_station,3.091,-34.7653755,138.5054609,2026-05-07 23:55:00,44.7002,1.4967,2026-05-29 00:47:43.619987
249,Port Lincoln Power Station,International Power (Australia) Holdings Pty Limited,SA,power_station,3.091,-34.7004095,135.8045035,2026-05-07 23:55:00,0.0,0.0,2026-05-29 00:47:43.619987
250,Snuggery Power Station,International Power (Australia) Holdings Pty Limited,SA,power_station,3.091,-37.6648132,140.4155865,2026-05-07 23:55:00,0.0,0.0,2026-05-29 00:47:43.619987
251,KARADOC SOLAR FARM,KARADOC SOLAR FARM HOLDCO PTY LTD,VIC,solar,579.1320000000001,-36.5986096,144.6780052,2026-05-07 23:55:00,0.0,0.0,2026-05-29 00:47:43.619987
261,Lilyvale Solar Farm,LILYVALE HOLDINGS CO PTY. LTD.,QLD,solar,478.4090000000001,-22.1646782,144.5844903,2026-05-07 23:55:00,0.0,0.0,2026-05-29 00:47:43.619987
309,Gladstone Power Station,NRG Victoria 1 Pty Ltd,QLD,power_station,478.4090000000001,-23.8530345,151.2174598,2026-05-07 23:55:00,420.2871,34.168499999999995,2026-05-29 00:47:43.619987
316,Darling Downs Power Station,Origin Energy Limited,QLD,power_station,478.4090000000001,-27.1170905,150.8946408,2026-05-07 23:55:00,0.0,0.0,2026-05-29 00:47:43.619987
318,Eraring Power Station,Origin Energy Limited,NSW,power_station,21.637,-33.0625191,151.5191973,2026-05-07 23:55:00,0.0,0.0,2026-05-29 00:47:43.619987
322,Ladbroke Grove Power Station,Origin Energy Limited,SA,power_station,3.091,-37.456356,140.7818605,2026-05-07 23:55:00,0.02,0.0008,2026-05-29 00:47:43.619987
324,Mortlake Power Station,Origin Energy Limited,VIC,power_station,579.1320000000001,-38.0633502,142.6676415,2026-05-07 23:55:00,0.0,0.0,2026-05-29 00:47:43.619987
326,Mt Stuart Power Station,Origin Energy Limited,QLD,power_station,478.4090000000001,-19.3376809,146.8508328,2026-05-07 23:55:00,0.0,0.0,2026-05-29 00:47:43.619987
327,Quarantine Power Station,Origin Energy Limited,SA,power_station,3.091,-34.7794457,138.5229552,2026-05-07 23:55:00,0.0,0.0,2026-05-29 00:47:43.619987
328,Roma Power Station,Origin Energy Limited,QLD,power_station,478.4090000000001,-26.5770702,148.8400595,2026-05-07 23:55:00,0.0,0.0,2026-05-29 00:47:43.619987
329,Shoalhaven Scheme,Origin Energy Limited,NSW,scheme_or_system,21.637,-31.8759835,147.2869493,2026-05-07 23:55:00,42.26,2.1208,2026-05-29 00:47:43.619987
332,Uranquinty Power Station,Origin Energy Limited,NSW,power_station,21.637,-35.1797318,147.2156451,2026-05-07 23:55:00,0.0,0.0,2026-05-29 00:47:43.619987
335,Ross River Solar Farm,Palisade Solar 1 Pty Ltd,QLD,solar,478.4090000000001,-22.1646782,144.5844903,2026-05-07 23:55:00,0.0,0.0,2026-05-29 00:47:43.619987
336,Waterloo Wind Farm,PALISADE WATERLOO HOLDINGS PTY LTD,SA,wind_farm,3.091,-30.5343665,135.6301212,2026-05-07 23:55:00,29.0,0.0,2026-05-29 00:47:43.619987
338,Bairnsdale Power Station,Pioneer Sail Holdings Pty Limited,VIC,power_station,579.1320000000001,-37.8429177,147.5638553,2026-05-07 23:55:00,0.0,0.0,2026-05-29 00:47:43.619987
339,Braemar Power Station,Pioneer Sail Holdings Pty Limited,QLD,power_station,478.4090000000001,-27.1104344,150.9058045,2026-05-07 23:55:00,0.0,0.0,2026-05-29 00:47:43.619987
340,Loy Yang B Power Station,Pioneer Sail Holdings Pty Limited,VIC,power_station,579.1320000000001,-38.2566611,146.5846996,2026-05-07 23:55:00,878.625,84.5058,2026-05-29 00:47:43.619987
410,Condamine Power Station,QGC UPSTREAM INVESTMENTS PTY LTD,QLD,hydro,478.4090000000001,-26.6679436,150.269901,2026-05-07 23:55:00,0.0,0.0,2026-05-29 00:47:43.619987
414,Starfish Hill Wind Farm,RATCH - Australia Corporation Pty Ltd,SA,wind_farm,3.091,-35.5786254,138.1301454,2026-05-07 23:55:00,12.1964,0.0,2026-05-29 00:47:43.619987
416,Townsville Power Station,RATCH - Australia Corporation Pty Ltd,QLD,power_station,478.4090000000001,-19.2012975,146.618562,2026-05-07 23:55:00,0.0,0.0,2026-05-29 00:47:43.619987
433,Salt Creek Wind Farm,SALT CREEK WIND FARM PTY LTD,VIC,wind_farm,579.1320000000001,-36.5986096,144.6780052,2026-05-07 23:55:00,42.35,0.0,2026-05-29 00:47:43.619987
438,SNOWTOWN SOUTH WIND FARM,Snowtown South Wind Farm Pty. Ltd.,SA,wind_farm,3.091,-30.5343665,135.6301212,2026-05-07 23:55:00,57.0,0.0,2026-05-29 00:47:43.619987
439,Snowtown Wind Farm,Snowtown Wind Farm Pty Ltd,SA,wind_farm,3.091,-30.5343665,135.6301212,2026-05-07 23:55:00,33.4298,0.0,2026-05-29 00:47:43.619987
441,Angaston Power Station,Snowy Hydro Limited,SA,power_station,3.091,-34.503393,139.0245766,2026-05-07 23:55:00,0.0,0.0,2026-05-29 00:47:43.619987
442,Colongra Power Station,Snowy Hydro Limited,NSW,power_station,21.637,-33.2091694,151.545217,2026-05-07 23:55:00,0.0,0.0,2026-05-29 00:47:43.619987
443,Laverton North Power Station,Snowy Hydro Limited,VIC,power_station,579.1320000000001,-37.8422763,144.788352,2026-05-07 23:55:00,0.0,0.0,2026-05-29 00:47:43.619987
444,Lonsdale/Port Stanvac Power Station,Snowy Hydro Limited,SA,power_station,3.091,-30.5343665,135.6301212,2026-05-07 23:55:00,0.0,0.0,2026-05-29 00:47:43.619987
446,Valley Power,Snowy Hydro Limited,VIC,other,579.1320000000001,-38.2536802,146.5888875,2026-05-07 23:55:00,0.0,0.0,2026-05-29 00:47:43.619987
447,Moree Solar Farm,SOLAR FARM INVESTMENTS PTY LTD,NSW,solar,21.637,-31.8759835,147.2869493,2026-05-07 23:55:00,0.0,0.0,2026-05-29 00:47:43.619987
448,Challicum Hills Wind Farm,SPIC Pacific Energy Pty Ltd,VIC,wind_farm,579.1320000000001,-36.5986096,144.6780052,2026-05-07 23:55:00,25.5,0.0,2026-05-29 00:47:43.619987
449,Clements Gap Wind Farm,SPIC Pacific Energy Pty Ltd,SA,wind_farm,3.091,-30.5343665,135.6301212,2026-05-07 23:55:00,31.8395,0.0,2026-05-29 00:47:43.619987
450,Codrington Wind Farm,SPIC Pacific Energy Pty Ltd,VIC,wind_farm,579.1320000000001,-36.5986096,144.6780052,2026-05-07 23:55:00,0.0,0.0,2026-05-29 00:47:43.619987
451,Crowlands Wind Farm,SPIC Pacific Energy Pty Ltd,VIC,wind_farm,579.1320000000001,-36.5986096,144.6780052,2026-05-07 23:55:00,41.8345,0.0,2026-05-29 00:47:43.619987
454,Haughton Solar Farm,SPIC Pacific Energy Pty Ltd,QLD,solar,478.4090000000001,-19.7555367,147.0198226,2026-05-07 23:55:00,0.0,0.0,2026-05-29 00:47:43.619987
456,Portland Wind Farms,SPIC Pacific Energy Pty Ltd,VIC,wind_farm,579.1320000000001,-36.5986096,144.6780052,2026-05-07 23:55:00,128.5,0.0,2026-05-29 00:47:43.619987
457,Taralga Wind Farm,SPIC Pacific Energy Pty Ltd,NSW,wind_farm,21.637,-31.8759835,147.2869493,2026-05-07 23:55:00,83.2392,0.0,2026-05-29 00:47:43.619987
460,Yaloak South Wind Farm,SPIC Pacific Energy Pty Ltd,VIC,wind_farm,579.1320000000001,-36.5986096,144.6780052,2026-05-07 23:55:00,18.7,0.0,2026-05-29 00:47:43.619987
461,Yambuk Wind Farm,SPIC Pacific Energy Pty Ltd,VIC,wind_farm,579.1320000000001,-36.5986096,144.6780052,2026-05-07 23:55:00,29.1,0.0,2026-05-29 00:47:43.619987
463,Barron Gorge Power Station,Stanwell Corporation Limited,QLD,power_station,478.4090000000001,-22.1646782,144.5844903,2026-05-07 23:55:00,66.59,0.0,2026-05-29 00:47:43.619987
464,Kareeya Power Station,Stanwell Corporation Limited,QLD,power_station,478.4090000000001,-22.1646782,144.5844903,2026-05-07 23:55:00,86.6675,0.0,2026-05-29 00:47:43.619987
466,Mica Creek Power Station,Stanwell Corporation Limited,QLD,power_station,478.4090000000001,-20.7783122,139.4880309,2026-05-07 23:55:00,0.0,0.0,2026-05-29 00:47:43.619987
467,Stanwell Power Station,Stanwell Corporation Limited,QLD,power_station,478.4090000000001,-23.5053849,150.3150384,2026-05-07 23:55:00,669.0763000000001,46.524,2026-05-29 00:47:43.619987
468,Swanbank E Power Station,Stanwell Corporation Limited,QLD,power_station,478.4090000000001,-27.65528,152.818081,2026-05-07 23:55:00,-0.58,0.0,2026-05-29 00:47:43.619987
469,Tarong Power Stations,Stanwell Corporation Limited,QLD,power_station,478.4090000000001,-26.7838597,151.9144969,2026-05-07 23:55:00,1182.1999999999998,87.2543,2026-05-29 00:47:43.619987
483,Tailem Bend Solar farm,Vena Energy Services (Australia) Pty Ltd,SA,solar,3.091,-30.5343665,135.6301212,2026-05-07 23:55:00,0.0,0.0,2026-05-29 00:47:43.619987
487,Adani Rugby Run Solar Farm,ADANI RENEWABLE ASSET HOLDINGS PTY LTD,QLD,solar,478.4090000000001,-22.1646782,144.5844903,2026-05-07 23:55:00,0.0,0.0,2026-05-29 00:47:43.619987
488,Barker Inlet Power Station,AGL ENERGY LIMITED,SA,power_station,3.091,-34.8038547,138.5238095,2026-05-07 23:55:00,0.0,0.0,2026-05-29 00:47:43.619987
491,Crudine Ridge Wind Farm,CWP RENEWABLES PTY LTD,NSW,wind_farm,21.637,-31.8759835,147.2869493,2026-05-07 23:55:00,109.5991,0.0,2026-05-29 00:47:43.619987
492,Dundonnell Wind Farm,DUNDONNELL WIND FARM PTY LTD,VIC,wind_farm,579.1320000000001,-36.5986096,144.6780052,2026-05-07 23:55:00,167.49,0.0,2026-05-29 00:47:43.619987
494,Childers Solar Farm,ELLIOTT GREEN CHILDERS PTY LTD,QLD,solar,478.4090000000001,-22.1646782,144.5844903,2026-05-07 23:55:00,0.0,0.0,2026-05-29 00:47:43.619987
495,Nevertire Solar Farm,ELLIOTT GREEN NEVERTIRE PTY LTD,NSW,solar,21.637,-31.8759835,147.2869493,2026-05-07 23:55:00,0.0,0.0,2026-05-29 00:47:43.619987
496,Susan River Solar Farm,ELLIOTT GREEN SUSAN RIVER PTY LTD,QLD,solar,478.4090000000001,-22.1646782,144.5844903,2026-05-07 23:55:00,0.0,0.0,2026-05-29 00:47:43.619987
497,Bungala One Solar Farm,ENEL GREEN POWER AUSTRALIA PTY LTD,SA,solar,3.091,-30.5343665,135.6301212,2026-05-07 23:55:00,0.0,0.0,2026-05-29 00:47:43.619987
498,Bungala Two Solar Farm,ENEL GREEN POWER AUSTRALIA PTY LTD,SA,solar,3.091,-30.5343665,135.6301212,2026-05-07 23:55:00,0.0,0.0,2026-05-29 00:47:43.619987
499,Finley Solar Farm,FINLEY SOLAR HOLDINGS PTY LTD,NSW,solar,21.637,-31.8759835,147.2869493,2026-05-07 23:55:00,0.0,0.0,2026-05-29 00:47:43.619987
500,Oakey 2 Solar Farm,FS OAKEY 2 PTY LTD,QLD,solar,478.4090000000001,-22.1646782,144.5844903,2026-05-07 23:55:00,0.0,0.0,2026-05-29 00:47:43.619987
502,HUGHENDEN SOLAR FARM,HUGHENDEN SOLAR FARM HOLDCO PTY LTD,QLD,solar,478.4090000000001,-22.1646782,144.5844903,2026-05-07 23:55:00,-0.1,0.0,2026-05-29 00:47:43.619987
504,Maryrorough Solar Farm,IMPACT INVESTMENT GROUP PTY LTD,QLD,solar,478.4090000000001,-27.7121091,151.5448478,2026-05-07 23:55:00,0.0,0.0,2026-05-29 00:47:43.619987
505,Willogoleche Wind Farm,INTERNATIONAL POWER (AUSTRALIA) HOLDINGS PTY LIMITED,SA,wind_farm,3.091,-33.4168325,138.8440063,2026-05-07 23:55:00,20.7,0.0,2026-05-29 00:47:43.619987
506,Bannerton Solar Farm,KIAMCO HANWHA FORESIGHT BANNERTON PTY LTD,VIC,solar,579.1320000000001,-36.5986096,144.6780052,2026-05-07 23:55:00,0.0,0.0,2026-05-29 00:47:43.619987
514,Longreach Solar Farm,LONGREACH NEW HOLDCO PTY LTD,QLD,solar,478.4090000000001,-22.1646782,144.5844903,2026-05-07 23:55:00,0.0,0.0,2026-05-29 00:47:43.619987
516,Murra Warra Wind Farm,MURRA WARRA PROJECT CO PTY LTD,VIC,wind_farm,579.1320000000001,-36.5986096,144.6780052,2026-05-07 23:55:00,260.38,0.0,2026-05-29 00:47:43.619987
517,BULGANA GREEN POWER HUB,NEOEN AUSTRALIA PTY. LTD.,VIC,other,579.1320000000001,-37.0381632,142.9835582,2026-05-07 23:55:00,23.9497,0.0,2026-05-29 00:47:43.619987
521,Granville Harbour Wind Farm,PALISADE GRANVILLE HARBOUR INVESTMENTS PTY LTD,TAS,wind_farm,0.479,-42.035067,146.6366887,2026-05-07 23:55:00,106.89,0.0,2026-05-29 00:47:43.619987
522,Yarranlea Solar Farm,RISEN ENERGY (AUSTRALIA) PTY LTD,QLD,solar,478.4090000000001,-22.1646782,144.5844903,2026-05-07 23:55:00,0.0,0.0,2026-05-29 00:47:43.619987
524,Clermont Solar Farm,WEL 1 PTY LTD,QLD,solar,478.4090000000001,-22.1646782,144.5844903,2026-05-07 23:55:00,0.0,0.0,2026-05-29 00:47:43.619987
525,Wemen Solar Farm,WEL 1 PTY LTD,VIC,solar,579.1320000000001,-36.5986096,144.6780052,2026-05-07 23:55:00,0.0,0.0,2026-05-29 00:47:43.619987
527,Wild Cattle Hill Wind Farm,WILD CATTLE HILL PTY LTD,TAS,wind_farm,0.479,-42.035067,146.6366887,2026-05-07 23:55:00,140.1602,0.0,2026-05-29 00:47:43.619987
531,Darlington Point Solar Farm Pty Ltd,EDIFY ENERGY PTY. LTD.,NSW,company_entity,21.637,-31.8759835,147.2869493,2026-05-07 23:55:00,0.003,0.0,2026-05-29 00:47:43.619987
533,Glenrowan West Solar Farm,GLENROWAN SUN FARM PTY LTD,VIC,solar,579.1320000000001,-36.5986096,144.6780052,2026-05-07 23:55:00,0.0,0.0,2026-05-29 00:47:43.619987
534,Berrybank Wind farm,GLOBAL POWER GENERATION AUSTRALIA PTY LTD,VIC,wind_farm,579.1320000000001,-36.5986096,144.6780052,2026-05-07 23:55:00,258.1278,0.0,2026-05-29 00:47:43.619987
535,Goonumbla Solar Farm,GOONUMBLA HOLDINGS CO PTY. LTD.,NSW,solar,21.637,-31.8759835,147.2869493,2026-05-07 23:55:00,0.0,0.0,2026-05-29 00:47:43.619987
536,Bango Wind Farm,GRAND BARGAIN HOLDCO PTY LTD,NSW,wind_farm,21.637,-31.8759835,147.2869493,2026-05-07 23:55:00,172.29489999999998,0.0,2026-05-29 00:47:43.619987
537,Boco Rock Wind Farm,GRAND BARGAIN HOLDCO PTY LTD,NSW,wind_farm,21.637,-31.8759835,147.2869493,2026-05-07 23:55:00,93.01,0.0,2026-05-29 00:47:43.619987
538,Sapphire Wind Farm,GRAND BARGAIN HOLDCO PTY LTD,NSW,wind_farm,21.637,-31.8759835,147.2869493,2026-05-07 23:55:00,54.3694,0.0,2026-05-29 00:47:43.619987
539,Cherry Tree Wind Farm,INFIGEN ENERGY LIMITED,VIC,wind_farm,579.1320000000001,-36.5986096,144.6780052,2026-05-07 23:55:00,3.05,0.0,2026-05-29 00:47:43.619987
543,Wellington Solar Farm,LS AUSTRALIA HOLDCO1 PTY LTD,NSW,solar,21.637,-31.8759835,147.2869493,2026-05-07 23:55:00,0.0,0.0,2026-05-29 00:47:43.619987
554,Collector Wind Farm,RATCH - AUSTRALIA CORPORATION PTY LTD,NSW,wind_farm,21.637,-31.8759835,147.2869493,2026-05-07 23:55:00,194.1711,0.0,2026-05-29 00:47:43.619987
555,Mount Emerald Wind Farm,RATCH - AUSTRALIA CORPORATION PTY LTD,QLD,wind_farm,478.4090000000001,-22.1646782,144.5844903,2026-05-07 23:55:00,132.1124,0.0,2026-05-29 00:47:43.619987
558,Limondale Solar Farm,RWE RENEWABLES AUSTRALIA PTY LTD,NSW,solar,21.637,-31.8759835,147.2869493,2026-05-07 23:55:00,0.0,0.0,2026-05-29 00:47:43.619987
561,Bomen Solar Farm,SPARK INFRASTRUCTURE HOLDINGS NO. 1 PTY LIMITED,NSW,solar,21.637,-31.8759835,147.2869493,2026-05-07 23:55:00,0.0,0.0,2026-05-29 00:47:43.619987
562,Sunraysia Solar Farm,SUNRAYSIA SOLAR FARM HOLDINGS PTY LTD,NSW,solar,21.637,-31.8759835,147.2869493,2026-05-07 23:55:00,0.0,0.0,2026-05-29 00:47:43.619987
564,Warwick Solar Farm,THE UNIVERSITY OF QUEENSLAND,QLD,solar,478.4090000000001,-28.1815683,152.0732657,2026-05-07 23:55:00,0.0,0.0,2026-05-29 00:47:43.619987
567,YATPOOL SOLAR FARM,YATPOOL SOLAR FARM HOLDCO PTY LTD,VIC,solar,579.1320000000001,-36.5986096,144.6780052,2026-05-07 23:55:00,0.0,0.0,2026-05-29 00:47:43.619987
568,Hillston Sun Farm,AMP AUSTRALIA HOLDINGS PTY LTD,NSW,other,21.637,-31.8759835,147.2869493,2026-05-07 23:55:00,0.0,0.0,2026-05-29 00:47:43.619987
569,Molong Solar Farm,AMP ENERGY AUSTRALIA 1-1 PTY LTD,NSW,solar,21.637,-31.8759835,147.2869493,2026-05-07 23:55:00,0.0,0.0,2026-05-29 00:47:43.619987
570,Beryl Solar Farm,BANPU AUSTRALIA CO. PTY LTD,NSW,solar,21.637,-31.8759835,147.2869493,2026-05-07 23:55:00,0.0,0.0,2026-05-29 00:47:43.619987
571,Manildra Solar Farm,BANPU AUSTRALIA CO. PTY LTD,NSW,solar,21.637,-31.8759835,147.2869493,2026-05-07 23:55:00,0.0,0.0,2026-05-29 00:47:43.619987
582,Kennedy Energy Park Pty Ltd,KENNEDY ENERGY PARK HOLDINGS PTY LTD,QLD,company_entity,478.4090000000001,-20.8737982,144.4127665,2026-05-07 23:55:00,6.4,0.0,2026-05-29 00:47:43.619987
588,Corowa Solar Farm,METKA EGN AUSTRALIA HOLDINGS PTY LTD,NSW,solar,21.637,-31.8759835,147.2869493,2026-05-07 23:55:00,0.0,0.0,2026-05-29 00:47:43.619987
589,Junee Solar Farm,METKA EGN AUSTRALIA HOLDINGS PTY LTD,NSW,solar,21.637,-31.8759835,147.2869493,2026-05-07 23:55:00,0.0,0.0,2026-05-29 00:47:43.619987
590,Wagga Wagga North Solar Farm,METKA EGN AUSTRALIA HOLDINGS PTY LTD,NSW,solar,21.637,-31.8759835,147.2869493,2026-05-07 23:55:00,0.0,0.0,2026-05-29 00:47:43.619987
598,Sebastopol Solar Farm,SEBASTOPOL HOLDINGS CO PTY LTD,NSW,solar,21.637,-34.6093863,147.5553293,2026-05-07 23:55:00,0.0,0.0,2026-05-29 00:47:43.619987
600,Stockyard Wind Farm,STOCKYARD HILL WIND FARM (HOLDING) PTY LTD,VIC,wind_farm,579.1320000000001,-36.5986096,144.6780052,2026-05-07 23:55:00,448.14,0.0,2026-05-29 00:47:43.619987
601,Winton Solar Farm,WINTON HOLDINGS CO PTY. LTD.,VIC,solar,579.1320000000001,-36.5986096,144.6780052,2026-05-07 23:55:00,0.0,0.0,2026-05-29 00:47:43.619987
602,Mortlake South Wind Farm,ACCIONA ENERGY OCEANIA PTY LTD,VIC,wind_farm,579.1320000000001,-36.5986096,144.6780052,2026-05-07 23:55:00,138.33,0.0,2026-05-29 00:47:43.619987
603,Coopers Gap Wind Farm,AGL ENERGY LIMITED,QLD,wind_farm,478.4090000000001,-22.1646782,144.5844903,2026-05-07 23:55:00,397.51,0.0,2026-05-29 00:47:43.619987
605,Kiata Wind Farm,ATMOS TOPCO PTY LTD,VIC,wind_farm,579.1320000000001,-36.5986096,144.6780052,2026-05-07 23:55:00,29.3,0.0,2026-05-29 00:47:43.619987
608,Cohuna Solar Farm,ENEL GREEN POWER AUSTRALIA PTY LTD,VIC,solar,579.1320000000001,-36.5986096,144.6780052,2026-05-07 23:55:00,0.0,0.0,2026-05-29 00:47:43.619987
642,Bolivar Power Station,IBERDROLA AUSTRALIA LIMITED,SA,power_station,3.091,-30.5343665,135.6301212,2026-05-07 23:55:00,0.0,0.0,2026-05-29 00:47:43.619987
645,Metz Solar Farm,METZ HOLDCO PTY LTD,NSW,solar,21.637,-31.8759835,147.2869493,2026-05-07 23:55:00,0.0,0.0,2026-05-29 00:47:43.619987
651,Snapper Point Power Station,PORT ADELAIDE ENERGY PTY LTD,SA,power_station,3.091,-34.7645435,138.5083889,2026-05-07 23:55:00,0.0,0.0,2026-05-29 00:47:43.619987
669,Gangarri Solar Farm,SHELL ENERGY HOLDINGS AUSTRALIA LIMITED,QLD,solar,478.4090000000001,-26.2694941,149.759417,2026-05-07 23:55:00,0.0,0.0,2026-05-29 00:47:43.619987
671,Gunnedah Solar Farm,THE TRUSTEE FOR GUNNEDAH ASSET TRUST,NSW,solar,21.637,-31.8759835,147.2869493,2026-05-07 23:55:00,0.0,0.0,2026-05-29 00:47:43.619987
672,Suntop Solar Farm,THE TRUSTEE FOR SUNTOP ASSET TRUST,NSW,solar,21.637,-31.8759835,147.2869493,2026-05-07 23:55:00,0.0,0.0,2026-05-29 00:47:43.619987
673,Kiamal Solar Farm,TOTALENERGIES RENEWABLES AUSTRALIA PTY LTD,VIC,solar,579.1320000000001,-36.5986096,144.6780052,2026-05-07 23:55:00,0.0,0.0,2026-05-29 00:47:43.619987
675,West Wyalong SF,WEST WYALONG HOLDCO 2 PTY LTD,NSW,other,21.637,-31.8759835,147.2869493,2026-05-07 23:55:00,0.0,0.0,2026-05-29 00:47:43.619987
676,Woolooga SF,WOOLOOGA HOLDCO 2 PTY LTD,QLD,other,478.4090000000001,-22.1646782,144.5844903,2026-05-07 23:55:00,0.0,0.0,2026-05-29 00:47:43.619987
677,New England Solar Farm,ACEN AUSTRALIA PTY LTD,NSW,solar,21.637,-31.8759835,147.2869493,2026-05-07 23:55:00,0.0,0.0,2026-05-29 00:47:43.619987
681,Avonlie Solar Farm,IBERDROLA AUSTRALIA LIMITED,NSW,solar,21.637,-31.8759835,147.2869493,2026-05-07 23:55:00,0.0,0.0,2026-05-29 00:47:43.619987
682,Dulacca Wind Farm,OJRP HOLDCO PTY LTD,QLD,wind_farm,478.4090000000001,-22.1646782,144.5844903,2026-05-07 23:55:00,170.8984,0.0,2026-05-29 00:47:43.619987
683,Rye Park Wind Farm,PARF COMPANY 2 PTY LTD,NSW,wind_farm,21.637,-31.8759835,147.2869493,2026-05-07 23:55:00,278.5777,0.0,2026-05-29 00:47:43.619987
715,Clarke Creek Wind Farm,SQUADRON WIND ENERGY ASSETS PTY LTD,QLD,wind_farm,478.4090000000001,-22.1646782,144.5844903,2026-05-07 23:55:00,302.04740000000004,0.0,2026-05-29 00:47:43.619987
735,Wandoan Solar Farm 1,VENA ENERGY SERVICES (AUSTRALIA) PTY LTD,QLD,solar,478.4090000000001,-22.1646782,144.5844903,2026-05-07 23:55:00,0.9904,0.0,2026-05-29 00:47:43.619987
